,answer_id,answer
0,llama_43,":orange[Keratosis Pilaris (KP) is a common, harmless skin condition characterized by the appearance of small, rough, sandpapery bumps or patches on the skin, often accompanied by dry skin. ] It is usually found on the arms, legs, buttocks, and cheeks.  KP is caused by the buildup of keratin, a protein that protects the skin, which can lead to the formation of small, hardened bumps. 

 Symptoms of KP may include:
 
*  Small, rough bumps or patches on the skin 
*  Dry, rough, or sandpapery skin texture 
*  Discoloration of the skin, which can be more noticeable in people with darker skin tones 
*  Itching or discomfort, although this is not always present 

 Keratosis Pilaris is more common in people with dry skin, eczema, or allergies, and it can be exacerbated by cold weather, dry air, and excessive exfoliation.  While there is no cure for KP, symptoms can be managed with moisturizers, gentle exfoliation, and topical creams or ointments.  In some cases, topical retinoids or corticosteroids may be prescribed to help reduce inflammation and improve skin texture."
1,gpt4_2,":orange[A white tongue can be caused by several conditions, some of which are benign and easily treatable, while others may require more comprehensive medical intervention. ] Common causes include: 

 1.  Oral hygiene: Poor oral hygiene can lead to a buildup of bacteria and debris on the tongue, presenting as a white coating.
2.  Dehydration or dry mouth: This can cause the surface of the tongue to appear white due to decreased saliva production.
3.  Oral thrush: This is a fungal infection caused by Candida yeast, leading to white, creamy patches on the tongue and inside the mouth.
4.  Leukoplakia: This condition involves thick, white patches on the tongue and is often associated with smoking or other irritants.  It can sometimes be a precancerous condition.
5.  Smoking and alcohol use: Both can contribute to changes in the color and texture of the tongue. 

 If the white tongue persists, it's advisable to consult a healthcare provider to diagnose the underlying cause and receive appropriate treatment."
2,llama_9,":orange[Yes, depression can be associated with memory loss. ] Research has shown that depression can affect cognitive function, including memory, attention, and concentration.  This is often referred to as ""depressive pseudodementia."" Studies have found that people with depression may experience difficulties with short-term memory, learning new information, and recalling past events. 

 Depression can impact memory in several ways: 

 1.  Reduced hippocampal volume: The hippocampus is a brain region essential for forming and consolidating new memories.  Depression has been linked to reduced hippocampal volume, which can lead to impaired memory function.
2.  Neurotransmitter imbalance: Depression is associated with an imbalance of neurotransmitters, such as serotonin and dopamine, which play a crucial role in regulating mood and cognitive function.
3.  Inflammation: Chronic inflammation, which is often present in depression, can damage brain cells and disrupt neural connections, leading to memory impairments.
4.  Lack of motivation: Depression can lead to a lack of motivation, interest, and engagement in activities, making it more challenging to form and retrieve memories. 

 It's essential to note that memory loss associated with depression is typically reversible with treatment.  If you're experiencing symptoms of depression and memory loss, it's crucial to seek professional help from a mental health expert or a medical professional.  They can help you develop a treatment plan to address both conditions."
3,gpt4_36,":orange[Accutane, also known as isotretinoin, is not an antibiotic. ] It is a form of vitamin A that helps the skin renew itself more rapidly and is used primarily to treat severe nodular acne.  Unlike antibiotics, which eliminate bacteria causing infections, isotretinoin works by reducing the amount of oil released by oil glands in the skin and helping the skin renew itself. 

 Isotretinoin can have serious side effects and is known to cause severe birth defects if taken during pregnancy.  It is critical to avoid pregnancy while taking this medication.  Women of childbearing age are required to use two forms of birth control and undergo regular pregnancy tests before, during, and after the treatment with isotretinoin.  It is vital to consult with a healthcare provider to discuss the risks and necessary precautions while on this medication."
4,llama_36,":orange[Accutane, also known as isotretinoin, is not an antibiotic but a powerful oral retinoid medication used to treat severe acne, including nodular and conglobate acne, which are resistant to other treatments. ]  

 Accutane can cause severe birth defects if taken during pregnancy.  It is contraindicated in pregnant women, and the FDA mandates the iPLEDGE program to monitor and prevent use during pregnancy.  This program requires patients to commit to using two forms of birth control and undergo regular pregnancy tests to prevent pregnancy while taking Accutane. 

 If you are taking Accutane and become pregnant, you should immediately stop taking the medication and inform your doctor.  Due to the high risk of birth defects, your doctor may discuss options for ending the pregnancy.  It is essential to carefully consider the risks and benefits of taking Accutane, especially if you are a woman of childbearing age."
5,llama_4,":orange[It is unrealistic to expect that your blood pressure will be fully controlled after taking lisinopril for just one day. ]  

 Lisinopril is an angiotensin-converting enzyme (ACE) inhibitor that helps to lower blood pressure by relaxing blood vessels and reducing the workload on the heart.  However, like all blood pressure medications, it takes time to achieve its full effect. 

 Typically, it may take 2-4 weeks for lisinopril to reach its maximum effectiveness in lowering blood pressure.  Additionally, it's also common for doctors to adjust the dosage or combine it with other medications to achieve optimal blood pressure control. 

 It is highly recommended to continue taking the medication as prescribed by your doctor and to follow up with regular blood pressure checks to monitor the effectiveness of the treatment and make any necessary adjustments."
6,llama_14,":orange[Genital herpes and human papillomavirus (HPV) are two distinct viral infections that affect the genital area but have different causes, symptoms, and implications.] 

 Genital herpes is caused by the herpes simplex virus (HSV), primarily type 2 (HSV-2) but also type 1 (HSV-1).  It is characterized by recurrent episodes of painful blisters or sores in the genital area.  These sores can burst, leading to ulcers that eventually heal.  The virus is transmitted through skin-to-skin contact with an infected person, even if they are not showing symptoms. 

 HPV, on the other hand, is a group of viruses that can lead to various health issues, including genital warts and certain types of cancer, such as cervical, anal, oropharyngeal, penile, vulvar, and vaginal cancers.  There are over 100 types of HPV, and they are categorized into low-risk types that cause warts and high-risk types that can lead to cancer.  HPV is transmitted through skin-to-skin contact during vaginal, anal, or oral sex with an infected person. 

 While both infections can be sexually transmitted and may cause genital lesions, their symptoms, complications, and management strategies differ significantly.  Genital herpes primarily causes recurrent episodes of painful genital sores, whereas HPV can lead to genital warts or various cancers, depending on the virus type."
7,gpt4_14,":orange[Genital herpes and HPV (Human Papillomavirus) are both sexually transmitted infections, but they are caused by different viruses and have different manifestations. ]  

 Genital herpes is caused by the herpes simplex virus (HSV), primarily by HSV-2, and sometimes by HSV-1.  It characteristically causes painful blisters and sores around the genital area, which recur over time.  Diagnosis is typically made through clinical examination and confirmed via swab tests of active lesions or blood tests for herpes antibodies. 

 HPV, on the other hand, is caused by various strains of the human papillomavirus.  Many HPV infections are asymptomatic and can clear on their own, but some strains can lead to genital warts or increase the risk of developing certain cancers such as cervical, anal, and oral cancers.  HPV is usually diagnosed through physical examination for warts, and for cancer screening (like cervical screening in women), specific HPV tests are conducted. 

 Both conditions are managed with specific treatments but currently cannot be cured completely.  Antiviral medications are used for herpes to reduce symptom severity and frequency, whereas HPV might be addressed with treatments for warts and pre-cancerous lesions, alongside preventive HPV vaccination."
8,gpt4_18,":orange[As a response to a question about mild muscle relaxants, there are several options available. ] Over-the-counter (OTC) medications like methocarbamol (Robaxin) and prescription medications such as cyclobenzaprine (Flexeril) are commonly used to treat muscle spasms associated with acute painful musculoskeletal conditions.  These medications work by causing a sedative effect on the central nervous system, thus easing the muscle tension and providing relief.   

 It's important to use these medications under the guidance of a healthcare provider, as they can cause side effects such as drowsiness, dizziness, and dry mouth.  Additionally, they are usually prescribed for short-term use to minimize potential dependency or side effects.  If you're considering a muscle relaxant, consult with your doctor to discuss the most appropriate and safe option for your specific condition."
9,llama_18,":orange[Cyclobenzaprine (Flexeril) and baclofen (Lioresal) are examples of mild muscle relaxants that can be prescribed for short-term use to relieve muscle spasms and discomfort. ] These medications work by blocking nerve impulses that send pain signals to the brain.  However, they can cause side effects such as drowsiness, dizziness, and dry mouth. 

 Alternatively, over-the-counter (OTC) options like methocarbamol (Robaxin) or topical creams and ointments containing capsaicin or menthol can also provide relief for muscle tension and soreness. 

 It is essential to consult with a healthcare professional before taking any muscle relaxant, as they can interact with other medications or worsen underlying medical conditions."
10,llama_34,":orange[Valacyclovir (Valtrex) and acyclovir (Zovirax) are both antiviral medications used to treat herpes simplex virus (HSV) infections, including cold sores and genital herpes, as well as varicella-zoster virus (VZV) infections, which cause chickenpox and shingles.] 

 Valacyclovir is a prodrug of acyclovir, meaning it is converted into acyclovir in the body.  This conversion allows valacyclovir to be more easily absorbed by the body and to have a longer duration of action compared to acyclovir.  As a result, valacyclovir typically needs to be taken fewer times per day compared to acyclovir. 

 Both medications work by inhibiting viral replication and can help reduce the severity and duration of symptoms, as well as the frequency of outbreaks.  However, valacyclovir is generally considered more convenient due to its less frequent dosing regimen.  Ultimately, the choice between valacyclovir and acyclovir depends on individual patient needs and the specific treatment plan recommended by a healthcare provider."
11,llama_27,":orange[Chlamydia, a common sexually transmitted infection (STI), is caused by the bacterium Chlamydia trachomatis. ] If left untreated, chlamydia does not typically cure itself and can lead to serious health complications. 

 In women, untreated chlamydia can cause pelvic inflammatory disease (PID), which can lead to permanent damage, such as infertility, ectopic pregnancy, and chronic pelvic pain.  Chlamydia can also increase the risk of HIV transmission. 

 In men, untreated chlamydia can cause epididymitis, a painful condition that can lead to infertility.  Chlamydia can also cause urethritis, which can lead to discharge and pain while urinating. 

 However, chlamydia can be effectively treated with antibiotics, which can cure the infection and prevent long-term damage.  The Centers for Disease Control and Prevention (CDC) recommends azithromycin or doxycycline as first-line treatments for chlamydia. 

 It is essential to seek medical attention if you suspect you have chlamydia or have been exposed to the infection.  Early diagnosis and treatment can help prevent permanent damage and reduce the risk of transmission to others."
12,llama_24,":orange[Vestibular neuritis is a condition characterized by inflammation of the vestibular nerve, which connects the inner ear to the brain and plays a crucial role in maintaining balance and equilibrium. ] This inflammation disrupts the normal functioning of the vestibular system, leading to symptoms such as sudden and severe vertigo, dizziness, nausea, vomiting, and difficulty with balance and walking. 

 The exact cause of vestibular neuritis is often unknown, but it is thought to be related to a viral infection.  In some cases, it may be associated with conditions such as Lyme disease, herpes simplex virus, or other viral infections. 

 Symptoms of vestibular neuritis can be intense and debilitating, but they usually resolve on their own within a few days to weeks.  Treatment focuses on managing symptoms, such as relieving vertigo and nausea with medication, and vestibular rehabilitation therapy to help improve balance and reduce dizziness."
13,llama_15,":orange[To measure blood pressure, follow these steps:] 

 1.  **Choose the right equipment**: Use a validated and calibrated blood pressure monitor, either manual (aneroid or mercury) or digital.  Make sure the cuff is the correct size for your arm.
2.  **Prepare for measurement**: Sit comfortably with your back supported, feet flat on the floor, and arm at heart level.  Avoid eating, smoking, or exercising for at least 30 minutes before measurement.
3.  **Wrap the cuff correctly**: Place the cuff around your upper arm, about 1 inch above the elbow, with the cuff's lower edge about 1 inch above the crease of your elbow.  The cuff should be snug but not too tight.
4.  **Take the measurement**: If using a manual monitor, inflate the cuff by pumping the bulb until the pressure gauge reaches 180-200 mmHg.  Slowly release the air while listening with a stethoscope for the first sound of blood flow (systolic pressure).  Continue releasing air until the sound disappears (diastolic pressure).  If using a digital monitor, follow the manufacturer's instructions.
5.  **Record the measurement**: Write down the systolic and diastolic pressures (e.g., 120/80 mmHg).
6.  **Repeat the measurement**: Take at least two readings, 1-2 minutes apart, to ensure accuracy. 

 Remember to follow the American Heart Association's guidelines for blood pressure measurement to ensure accurate results."
14,gpt4_15,":orange[To measure blood pressure, you will need a blood pressure cuff (sphygmomanometer) and a stethoscope. ] Here are the steps to correctly measure blood pressure: 

 1.  **Prepare the Patient**: The patient should relax, sitting comfortably with their back supported, legs uncrossed, and not having smoked, exercised, or consumed caffeine within 30 minutes prior to measurement. 

 2.  **Position the Arm**: Arm should be supported on a flat surface at heart level.  The upper arm should be bare, with clothing removed or sleeves raised. 

 3.  **Place the Cuff**: Wrap the cuff around the upper arm, making sure it’s snug but not too tight.  The lower edge of the cuff should be about an inch above the bend of the elbow. 

 4.  **Position the Stethoscope**: Place the stethoscope’s earpieces in your ears and the diaphragm on the inside of the elbow crease directly over the brachial artery. 

 5.  **Inflate the Cuff**: Inflate the cuff by pumping the bulb until the gauge reads about 20-30 mmHg above usual systolic pressure (if unknown, inflate to 180 mmHg).  The cuff should compress the arm enough so no pulse is felt at the wrist. 

 6.  **Measure the Pressure**: Slowly deflate the cuff by opening the valve and listen through the stethoscope.  The first knocking sound (systolic pressure) is noted.  Continue to let air out slowly;"
15,llama_49,":orange[Yes, hypothyroidism (low thyroid) can contribute to weight gain. ] The thyroid gland produces hormones that regulate metabolism, and when the gland doesn't produce enough of these hormones, it can lead to a decrease in metabolic rate, causing the body to burn fewer calories.  This can result in weight gain, particularly in the midsection of the body.   

 However, the weight gain associated with hypothyroidism is typically not extreme and is often accompanied by other symptoms such as fatigue, dry skin, hair loss, cold intolerance, and constipation.  If you're experiencing unexplained weight gain or other symptoms of hypothyroidism, it's essential to consult with a healthcare professional for proper diagnosis and treatment.  Treatment with synthetic thyroid hormone can help restore normal metabolism and potentially aid in weight loss."
16,llama_5,":orange[Shoulder pain that worsens with breathing can be a concerning symptom. ] There are several possible explanations for this phenomenon, and it's not always a straightforward answer. 

 In some cases, shoulder pain can be referred pain from a lung condition, such as pneumonia, pleurisy, or a pulmonary embolism.  This type of pain is usually sharp and stabbing, and it can worsen with deep breathing or movement. 

 Another possible explanation is that the shoulder pain is related to a musculoskeletal issue, such as a strain or sprain of the shoulder muscles or tendons.  Breathing can cause movement in the shoulder joint, which can irritate the affected tissues and worsen the pain. 

 Additionally, some conditions like costochondritis (inflammation of the cartilage that connects the ribs to the breastbone) or Tietze's syndrome (inflammation of the muscles and cartilage in the chest wall) can cause shoulder pain that worsens with breathing. 

 It's also possible that the shoulder pain is related to a gastrointestinal issue, such as gallbladder disease or pancreatitis, which can radiate pain to the shoulder and worsen with breathing. 

 Given the complexity of this symptom, it's highly recommended to seek medical evaluation to determine the underlying cause of your shoulder pain.  A thorough examination, imaging studies, and diagnostic tests can help identify the root cause and guide treatment."
17,llama_7,":orange[Pink eye, also known as conjunctivitis, is an infection or inflammation of the conjunctiva, the thin membrane covering the white part of the eye and the inside of the eyelids. ] Common signs and symptoms that may indicate pink eye include:
 
*  Redness and swelling of the eyes 
*  Discharge or pus in the eyes, which can be yellow or greenish in color 
*  Itching, burning, or stinging sensation in the eyes 
*  Blurred vision 
*  Sensitivity to light 
*  Increased tearing 
*  Crusting on the eyelids or eyelashes, especially in the morning 
*  Swollen lymph nodes in front of the ear 

 If you experience any of these symptoms, it's essential to consult a healthcare professional for proper diagnosis and treatment."
18,gpt4_35,":orange[Canker sores and oral herpes sores are both common causes of oral lesions, but they have different characteristics and causes. ] Canker sores, or aphthous ulcers, are usually found inside the mouth on the soft tissues such as the inner lips, cheeks, the base of the gums, and underneath the tongue.  They are typically small, shallow, round or oval ulcers that are white or yellow in color with a red border and cause pain, especially when eating or drinking.  Canker sores are not contagious. 

 Oral herpes, caused by the herpes simplex virus (HSV), typically presents as clusters of blisters that appear on or around the lips and occasionally on the nose, cheeks, or inside the mouth.  These blisters are often preceded by a tingling or burning sensation before they appear.  Herpes blisters may break open, ooze, and form a crust, and are usually painful.  Oral herpes is contagious, especially when the blisters are visible. 

 The location and presentation of the sore, the presence of systemic symptoms (like fever), past frequency and location of sores, as well as response to previous treatments can help distinguish between canker sores and oral herpes.  A healthcare provider can typically diagnose the type of sore based on its appearance and location.  In uncertain cases, or where recurrent troubling lesions occur, diagnostic tests such as a viral culture or PCR may be used for herpes."
19,llama_35,":orange[Canker sores and herpes can present with similar symptoms, but they have distinct characteristics.] 

 Canker sores, also known as aphthous ulcers, are typically:
 
-  Small, shallow, and round 
-  Found on the inside of the lips, cheeks, tongue, or gums 
-  White or yellowish in color with a red border 
-  Painful, but usually, the pain subsides within a few days 
-  Not contagious 

 Herpes, specifically oral herpes (HSV-1), can cause cold sores that:
 
-  Typically appear as clusters of small, fluid-filled blisters 
-  Often occur on the lips, around the mouth, or on the gums 
-  Can be painful and may be accompanied by fever, swollen lymph nodes, and sore throat 
-  Are contagious, even when the blisters have crusted over 

 To determine whether you have a canker sore or herpes, consider the location, appearance, and any accompanying symptoms.  If you're still unsure or if the sore persists or worsens, consult a healthcare professional for a proper evaluation and diagnosis.  They may perform a physical examination, take a medical history, and possibly conduct laboratory tests to confirm the diagnosis."
20,llama_31,":orange[Dry mouth, also known as xerostomia, can be associated with various conditions, including diabetes. ] However, it is not typically considered a pre-diabetic symptom.  Pre-diabetes is a condition where blood sugar levels are higher than normal but not high enough to be classified as diabetes. 

 Dry mouth is more commonly linked to diabetes itself, particularly if blood sugar levels are not well-controlled.  High blood sugar levels can damage the salivary glands, leading to decreased saliva production and dry mouth. 

 That being said, some people with pre-diabetes may experience dry mouth due to other underlying factors, such as medication side effects, dehydration, or other health conditions.  If you're experiencing persistent or severe dry mouth, it's best to consult with your healthcare provider to rule out any underlying conditions. 

 If you're concerned about pre-diabetes or diabetes, common symptoms to look out for include increased thirst and urination, fatigue, blurred vision, and slow healing of cuts and wounds.  Your healthcare provider can assess your risk factors and perform diagnostic tests to determine if you have pre-diabetes or diabetes."
21,llama_30,":orange[Yes, lutein and omega-3 fatty acids are beneficial for vision health.] 

 Lutein is a carotenoid that acts as an antioxidant, protecting the macula, the part of the retina responsible for central vision, from damage caused by blue light and free radicals.  High levels of lutein in the macula are associated with a reduced risk of age-related macular degeneration (AMD) and cataracts.  Foods rich in lutein include leafy greens, such as spinach and kale, and supplements are also available. 

 Omega-3 fatty acids, particularly DHA (docosahexaenoic acid) and EPA (eicosapentaenoic acid), play a crucial role in the structure and function of the retina.  They help maintain the integrity of the retinal cells and support the visual processing system.  Omega-3 deficiency has been linked to an increased risk of AMD, dry eye syndrome, and other eye problems.  Fatty fish, such as salmon and sardines, are rich in omega-3s, and supplements are also available. 

 While lutein and omega-3s are beneficial for vision, it's essential to note that they may not improve existing vision problems but rather help prevent or slow the progression of age-related eye diseases.  A balanced diet and regular eye exams are still essential for maintaining healthy vision."
22,gpt4_30,":orange[Yes, both lutein and omega-3 fatty acids are beneficial for vision. ] Lutein is a type of carotenoid found in green leafy vegetables and other foods, which accumulates in the macula, a part of the retina responsible for central vision.  Lutein acts as an antioxidant and helps protect the eyes from harmful high-energy light waves like ultraviolet rays in sunlight.  Studies suggest that lutein may help reduce the risk of chronic eye diseases, including age-related macular degeneration (AMD) and cataracts. 

 Omega-3 fatty acids, particularly EPA and DHA, are found in oily fish and are important for maintaining eye health.  DHA is present in high concentrations in the retina and is thought to play roles in nourishing cells and combating inflammation.  Regular consumption of omega-3 fatty acids may help prevent AMD and dry eye syndrome. 

 Incorporating foods rich in these nutrients into your diet or discussing supplementation with your healthcare provider can be part of an overall strategy to maintain or improve eye health."
23,gpt4_3,":orange[Diflucan, the brand name for fluconazole, is an antifungal medication commonly used to treat yeast infections, including vaginal yeast infections. ] It works by inhibiting the growth of yeast fungi, effectively treating the infection. 

 For most uncomplicated yeast infections, a single oral dose of fluconazole 150 mg is typically effective.  Symptoms usually improve within a few days, but it's important to complete the course as prescribed by your healthcare provider.  For recurrent or severe infections, a different treatment regimen may be necessary.  It's important to consult with a healthcare professional for an accurate diagnosis and appropriate treatment plan.  Fluconazole can interact with other medications and isn't suitable for everyone, including pregnant women, without a doctor's supervision."
24,llama_11,":orange[Yes, the type of bacteria determines the choice of antibiotic. ] Different antibiotics are effective against different types of bacteria.  Some antibiotics are broad-spectrum, meaning they can target a wide range of bacteria, while others are narrow-spectrum, targeting only specific types of bacteria. 

 For example, antibiotics such as penicillin and amoxicillin are effective against streptococcal and staphylococcal infections, while antibiotics such as ciprofloxacin and levofloxacin are effective against gram-negative bacteria like E.  coli and Pseudomonas. 

 To determine the most effective antibiotic, a healthcare provider may perform tests such as a culture and sensitivity test, which identifies the type of bacteria and its susceptibility to different antibiotics.  This ensures that the chosen antibiotic is effective against the specific bacteria causing the infection, reducing the risk of antibiotic resistance and improving treatment outcomes."
25,llama_1,":orange[No, it is not recommended to take Nyquil and Benadryl at the same time. ] Nyquil is a nighttime cold and flu medication that contains acetaminophen, dextromethorphan, and doxylamine, an antihistamine.  Benadryl, also known as diphenhydramine, is another antihistamine. 

 Taking both Nyquil and Benadryl together can increase the risk of excessive sedation, drowsiness, and impaired coordination due to the additive effects of the antihistamines.  This can be particularly hazardous if you plan to drive, operate heavy machinery, or engage in activities that require alertness. 

 Additionally, combining multiple antihistamines can lead to increased side effects such as dry mouth, blurred vision, constipation, and urinary retention. 

 It is best to consult with your healthcare provider or pharmacist for guidance on safe medication combinations and to discuss alternative treatments for your symptoms."
26,llama_13,":orange[It is generally not recommended to abruptly stop taking Cymbalta (duloxetine) and start taking Zoloft (sertraline) the next day. ] Cymbalta is a serotonin-norepinephrine reuptake inhibitor (SNRI), and Zoloft is a selective serotonin reuptake inhibitor (SSRI).  Both medications affect the levels of neurotransmitters in the brain, and switching between them can lead to adverse reactions. 

 When stopping Cymbalta, it is recommended to taper the dose gradually to minimize the risk of withdrawal symptoms, such as dizziness, headaches, and nausea.  The tapering process typically takes several days to weeks. 

 Before starting Zoloft, it is recommended to wait for a sufficient washout period to allow the Cymbalta to be fully eliminated from the body.  This can take around 2-4 days, depending on individual factors. 

 It is best to consult with your doctor or a qualified healthcare professional to determine the best course of action for switching from Cymbalta to Zoloft.  They can help you develop a safe tapering schedule and ensure a smooth transition to the new medication."
27,gpt4_13,":orange[It is not recommended to immediately switch from Cymbalta (duloxetine) to Zoloft (sertraline) without a tapering period. ] Cymbalta is a serotonin-norepinephrine reuptake inhibitor (SNRI), while Zoloft is a selective serotonin reuptake inhibitor (SSRI).  Abrupt discontinuation of Cymbalta can lead to withdrawal symptoms such as dizziness, headache, nausea, changes in mood, or irritability.  Additionally, starting Zoloft immediately can increase the risk of serotonin syndrome, which is a potentially life-threatening condition. 

 Typically, a gradual dose reduction of Cymbalta is advised over a period of 2-4 weeks, followed by a transition phase if initiating another antidepressant like Zoloft.  The specific duration and steps for this process can vary based on individual factors such as the current dose of Cymbalta, the duration of use, your overall health status, and how you respond to the medication changes. 

 It is crucial to consult with your healthcare provider before making any changes to your medication regimen.  They will devise a safe tapering schedule for Cymbalta and guide how best to initiate Zoloft, ensuring appropriate management of both medications to minimize withdrawal symptoms and other risks."
28,llama_10,":orange[Meloxicam is a nonsteroidal anti-inflammatory drug (NSAID) commonly used for pain relief, inflammation reduction, and fever reduction. ] If you're finding that meloxicam isn't adequately addressing your symptoms, there are other options available, but they depend on your specific condition, medical history, and the reason for your pain. 

 For instance, if you're experiencing pain due to inflammation, another NSAID like naproxen or ibuprofen might be recommended, or your dosage of meloxicam could be adjusted under a doctor's supervision. 

 However, if your pain is severe or not responding to NSAIDs, your doctor might consider other classes of medications such as corticosteroids for acute inflammation, muscle relaxants for muscle spasms, or in some cases, opioids for severe pain, though these are generally reserved as a last resort due to their potential for dependence and side effects. 

 It's essential to discuss your current symptoms, medical history, and any medications you're currently taking with your healthcare provider to determine the best course of action for your specific situation."
29,gpt4_10,":orange[Meloxicam is a nonsteroidal anti-inflammatory drug (NSAID) commonly prescribed for pain and inflammation. ] If you find it insufficient, options for stronger medication depend on the specific condition being treated and individual health factors.  One alternative is opioid pain relievers, such as codeine or hydrocodone, which are stronger but also have higher potential for addiction and side effects such as drowsiness and respiratory depression.  Another option could be a higher dose or different class of NSAIDs, like diclofenac or indomethacin. 

 It's important to consult with a healthcare provider before switching medications, as they can assess your specific condition and recommend the safest and most effective treatment options.  Misuse of stronger pain medications can lead to significant health risks."
30,gpt4_17,":orange[Feeling like you are going to pass out, medically termed as pre-syncope, can be caused by various factors, including dehydration, low blood sugar, overheating, or more serious conditions such as heart or neurological disorders. ] To address this feeling, it's important to: 

 1.  Sit or lie down immediately to prevent a fall and elevate your legs to help blood flow to the brain.
2.  Stay hydrated by drinking fluids, especially water.
3.  If you have missed a meal or it's been a while since you last ate, consume a snack or a drink that can help raise your blood sugar levels.
4.  Avoid sudden changes in posture, such as standing up too quickly from a sitting or lying position. 

 If this sensation occurs frequently or is accompanied by other symptoms such as chest pain, severe headache, or shortness of breath, seek medical attention immediately as it could indicate a more serious condition.  Regular check-ups with your healthcare provider can help identify and manage any underlying issues causing these symptoms."
31,llama_17,":orange[Feeling like you're going to pass out, also known as lightheadedness or dizziness, can be caused by various factors such as dehydration, low blood sugar, anxiety, or a drop in blood pressure. ]  

 To alleviate the symptoms, try the following:  

 1.  Sit or lie down in a cool, quiet place with your feet elevated about 12 inches.  This can help restore blood flow to the brain.
     2.  Stay hydrated by drinking plenty of water or electrolyte-rich beverages, like sports drinks.
     3.  Eat small, frequent meals throughout the day to maintain stable blood sugar levels.
     4.  Practice relaxation techniques, such as deep breathing exercises, to reduce stress and anxiety.
     5.  Avoid standing for long periods, and take regular breaks to rest. 

 If the sensation persists or worsens, seek medical attention to rule out any underlying conditions that may be contributing to the symptoms."
32,gpt4_0,":orange[While the standard method for testing thyroid function involves a blood test, which requires a needle for blood draw, there are limited alternatives if needle phobia is a significant concern. ] In most cases, it's essential to address the fear of needles because blood tests provide the most comprehensive and accurate measure of thyroid function, specifically through the measurement of thyroid stimulating hormone (TSH), T3, and T4 levels. 

 However, if needle phobia is an issue, one potential approach is the use of desensitization techniques or cognitive behavioral therapy (CBT) to help reduce the fear associated with needle procedures.  Also, discussing with your healthcare provider about applying a topical anesthetic to the area of the skin where the needle will be inserted might help ease discomfort. 

 Another option is to use distraction techniques, relaxation methods, or the use of a device called a Buzzy Bee, which uses vibration and cold to help distract from the needle insertion. 

 Ultimately, while these alternatives and strategies may help mitigate needle fear, a blood test remains necessary for a definitive evaluation of thyroid function.  It's best to discuss your concerns with your healthcare provider to find the most suitable approach for you."
33,llama_0,":orange[Yes, there is an alternative to the traditional blood test for thyroid function. ] A thyroglobulin (Tg) test can be done using a saliva sample, but this is not commonly used for routine thyroid function testing.  More commonly, a urine test can be used to measure the levels of certain thyroid hormones, such as triiodothyronine (T3) and thyroxine (T4).  However, these alternative tests may not provide the same level of accuracy as a blood test, and they may not be suitable for everyone.   

 Another option is to have a fingerstick blood test, which uses a small prick of blood from the finger rather than a traditional venipuncture.  This method is often less painful and may be more comfortable for individuals with a fear of needles. 

 It's essential to discuss your concerns with your doctor, who can help determine the best approach for your specific situation and ensure that you receive accurate and reliable test results."
34,llama_32,":orange[Yes, the terms ""flu test"" and ""influenza test"" are often used interchangeably. ] Both refer to medical tests designed to diagnose the presence of the influenza virus in a patient.  These tests typically aim to detect the genetic material (RNA or antigens) of the influenza virus in respiratory samples, such as nasal or throat swabs, or sometimes in blood samples. 

 There are several types of influenza tests, including: 

 1.  Rapid Influenza Diagnostic Tests (RIDTs): These provide quick results (usually within 15-30 minutes) but may have lower sensitivity compared to other tests.
2.  Molecular Assays (e.g., PCR): These are more accurate and can identify the specific type of influenza virus (A or B) but may take longer to provide results.
3.  Immunofluorescence Assays: These tests use fluorescent dyes to detect influenza antigens in respiratory samples. 

 Regardless of the specific method, the primary goal of these tests is to determine if a patient's symptoms are due to an influenza virus infection."
35,llama_44,":orange[For throat pain, there are several over-the-counter (OTC) medications and home remedies that can provide relief. ]  

 Pain relievers such as acetaminophen (Tylenol) or ibuprofen (Advil, Motrin) can help reduce throat pain and inflammation.   

 Throat lozenges or cough drops can also provide temporary pain relief.  Lozenges that contain ingredients such as menthol, eucalyptus, or phenol can help numb the throat, while cough drops can help soothe an irritated throat. 

 Gargling with salt water several times a day can also help reduce swelling and kill bacteria in the throat.  To do this, mix 1/4 teaspoon of salt in 8 ounces of warm water and gargle for 30 seconds before spitting it out. 

 Staying hydrated by drinking plenty of fluids, such as water, tea, or soup, can also help soothe an irritated throat.   

 If your throat pain persists or worsens, or if you have difficulty swallowing, it is recommended to consult a healthcare professional for further evaluation and treatment."
36,llama_20,":orange[Ringworm, also known as tinea, is a fungal infection that affects the skin, hair, and nails. ] It is caused by a group of fungi called dermatophytes, which include Trichophyton, Microsporum, and Epidermophyton.  These fungi thrive in warm, moist environments and can infect humans through direct contact with an infected person, animal, or contaminated object. 

 Ringworm can also be spread through indirect contact, such as walking barefoot in areas where the fungus is present, or by sharing personal care items like towels or clothing.  In some cases, ringworm can be contracted from infected animals, such as cats or dogs. 

 The most common causes of ringworm include:
 
*  Direct contact with an infected person or animal 
*  Indirect contact with contaminated objects or surfaces 
*  Sharing personal care items 
*  Walking barefoot in areas where the fungus is present 
*  Poor hygiene and skin care 

 Symptoms of ringworm typically appear within 4-10 days of exposure and can include a circular, itchy rash, redness, and scaling.  Treatment for ringworm usually involves antifungal medications, either topical or oral, and good hygiene practices to prevent further spread of the infection."
37,gpt4_47,":orange[Yes, there are anti-nausea medications that can help manage nausea and allow for better tolerance of fluids. ] Commonly prescribed medications include ondansetron (Zofran), which is effective at blocking the chemicals in the body that trigger nausea and vomiting.  Another option is promethazine (Phenergan), which also helps control these symptoms but can cause drowsiness.  Metoclopramide (Reglan) is another medication used to treat nausea, which also enhances stomach motility, helping in quicker stomach emptying. 

 These medications are available by prescription, and their use should be guided by a healthcare provider based on the specific health needs and medical history of the individual."
38,llama_47,":orange[Yes, there are several anti-nausea medications available that can help alleviate nausea and vomiting, allowing fluids to stay down. ] These medications are often prescribed for conditions such as gastroenteritis, motion sickness, and chemotherapy-induced nausea.  Some common anti-nausea medications include: 

 1.  Ondansetron (Zofran): This medication is often prescribed for nausea and vomiting caused by chemotherapy, radiation therapy, and surgery.
2.  Metoclopramide (Reglan): This medication is often used to treat nausea and vomiting caused by gastroenteritis, migraines, and other conditions.
3.  Dimenhydrinate (Dramamine): This medication is often used to treat motion sickness and can also be used to alleviate nausea and vomiting caused by other conditions.
4.  Prochlorperazine (Compazine): This medication is often used to treat nausea and vomiting caused by gastroenteritis, migraines, and other conditions. 

 It's essential to consult with a healthcare professional before taking any anti-nausea medication, as they can recommend the best medication and dosage for your specific condition.  Additionally, it's crucial to follow the recommended dosage and administration instructions carefully to ensure the medication is effective and safe. 

 In addition to medication, there are also some non-pharmacological measures that can help alleviate nausea and vomiting, such as:
 
*  Drinking small, frequent sips of fluids 
*  Avoiding spicy or fatty foods 
*  Eating bland, easily digestible foods 
*  Applying a cold compress"
39,llama_6,":orange[Yes, it is normal for tendinitis to only affect a specific movement or action, such as extension, and not both extension and flexion. ] Tendinitis is inflammation of a tendon, which is a fibrous cord that connects muscles to bones.  When a tendon becomes inflamed, it can cause pain and stiffness, especially during specific movements that aggravate the affected tendon. 

 In the case of tendinitis affecting only extension, it's likely that the tendon involved is responsible for controlling the movement of extension, such as the extensor tendons in the wrist or elbow.  The inflammation and pain associated with tendinitis can make it uncomfortable or painful to perform the specific action of extension, while flexion may remain unaffected. 

 However, it's also possible for tendinitis to affect multiple movements or actions, depending on the location and severity of the inflammation.  A proper diagnosis from a healthcare professional, such as an orthopedic specialist or physical medicine and rehabilitation (PM&R) physician, can help determine the specific cause and extent of the tendinitis."
40,llama_19,":orange[Several natural supplements and practices may help alleviate anxiety symptoms. ] Some of these include: 

 1.  Omega-3 fatty acids: Omega-3 fatty acids, particularly EPA and DHA, have been shown to have a positive effect on anxiety symptoms.  These can be found in fatty fish, flaxseeds, and walnuts, or taken as a supplement. 

 2.  GABA: GABA (Gamma-Aminobutyric Acid) is a neurotransmitter that helps regulate calmness and relaxation in the brain.  Supplementing with GABA may promote relaxation and reduce anxiety. 

 3.  Ashwagandha: Ashwagandha is an herb used in Ayurvedic medicine that has been shown to have anxiolytic (anxiety-reducing) effects. 

 4.  Lavender oil: Lavender oil has been shown to promote relaxation and reduce anxiety when inhaled.  It can be used in a diffuser or applied topically to the skin. 

 5.  Exercise: Regular exercise has been shown to reduce anxiety symptoms by releasing endorphins, which are natural mood-boosters. 

 6.  Mindfulness practices: Mindfulness practices such as meditation and deep breathing can help reduce anxiety symptoms by promoting relaxation and reducing stress. 

 It is essential to consult with a healthcare professional before adding any supplements to your regimen, as they may interact with medications or have side effects."
41,gpt4_19,":orange[Yes, several natural remedies can help manage anxiety symptoms. ] Some options include: 

 1.  **Herbal teas:** Chamomile, lavender, and peppermint teas are known for their calming properties and can help soothe anxiety.   

 2.  **Aromatherapy:** Essential oils like lavender, rose, bergamot, and ylang-ylang have been used to reduce anxiety and stress.  These can be inhaled directly or used in a diffuser. 

 3.  **Mindfulness and meditation:** Regular practice can help calm the mind and reduce stress.  Deep breathing exercises are also effective in managing anxiety episodes. 

 4.  **Exercise:** Physical activity releases endorphins, which are chemicals in the brain that act as natural painkillers and mood elevators.  Even a daily walk can significantly impact anxiety levels. 

 5.  **Omega-3 fatty acids:** Found in fish like salmon, as well as in flaxseeds and walnuts, these have been shown to reduce symptoms of anxiety. 

 6.  **Magnesium-rich foods:** Magnesium can have a calming effect on the nervous system.  Good sources include leafy greens, nuts, seeds, and whole grains. 

 It's important to discuss any supplements or major lifestyle changes with a healthcare provider to ensure they do not interfere with existing health conditions or medications."
42,llama_93,":orange[Fioricet is a prescription medication that contains a combination of butalbital, acetaminophen, and caffeine. ] Taking ibuprofen, which is a nonsteroidal anti-inflammatory drug (NSAID), with Fioricet may increase the risk of liver damage due to the acetaminophen component.  Additionally, the combination of butalbital, a barbiturate, and ibuprofen may increase the risk of stomach ulcers and bleeding.   

 It is generally recommended to wait at least 4-6 hours after taking Fioricet before taking ibuprofen to minimize the risk of adverse interactions.  However, it is best to consult your doctor or pharmacist for specific guidance on taking these medications together, as they can provide personalized advice based on your medical history and current treatment regimen."
43,llama_89,":orange[Omeprazole is a generic medication, and there are several brands and manufacturers available in the market. ] The FDA has approved several generic versions of omeprazole, which have the same active ingredient and effectiveness as the brand-name medication, such as Prilosec. 

 When choosing an omeprazole product, look for a reputable manufacturer and a product that is labeled as ""delayed-release"" or ""enteric-coated"" to ensure it is effective in reducing stomach acid.  Some examples of generic omeprazole products include those from manufacturers like Mylan, Teva, or Dr.  Reddy's. 

 It's essential to note that the quality and effectiveness of generic medications are regulated by the FDA, and they must meet the same standards as brand-name medications.  Therefore, the choice of brand may depend on personal preference, insurance coverage, or price.  Always consult with your healthcare provider or pharmacist before starting any new medication, including omeprazole."
44,llama_53,":orange[It is recommended to take your blood pressure readings at the same time each day, ideally in the morning and evening, and in a relaxed state. ] Take two to three readings, one minute apart, and record the average of the readings.  This will provide a more accurate representation of your blood pressure.  Additionally, it's essential to follow these guidelines:
 
-  Sit comfortably with your back supported and legs uncrossed for at least 5 minutes before taking the reading. 
-  Avoid caffeine, nicotine, and exercise for at least 30 minutes before taking the reading. 
-  Use a blood pressure monitor that fits properly and is validated for accuracy. 

 Please consult with your healthcare provider for personalized advice on monitoring your blood pressure and for any further questions or concerns you may have."
45,llama_70,":orange[Clindamycin is an antibiotic that is effective against a variety of bacterial infections, but it is not typically used as a first-line treatment for urinary tract infections (UTIs). ] This is because many bacteria that cause UTIs, such as E.  coli, are often resistant to clindamycin. 

 The American College of Obstetricians and Gynecologists and other medical organizations recommend other antibiotics, such as trimethoprim-sulfamethoxazole (Bactrim), nitrofurantoin (Macrobid), or fluoroquinolones (e.g., ciprofloxacin), as first-line treatments for uncomplicated UTIs. 

 However, in certain cases, such as complicated UTIs or UTIs caused by specific bacteria that are susceptible to clindamycin, clindamycin may be prescribed.  It's essential to consult with a healthcare provider to determine the best course of treatment for a UTI, as they can assess the severity of the infection, perform any necessary testing, and prescribe the most effective antibiotic."
46,gpt4_92,":orange[To safely apply ointment to a pierced nipple, follow these steps:] 

 1.  Wash your hands thoroughly with soap and water to avoid introducing bacteria to the sensitive area.
2.  Clean the pierced area gently with saline solution or as recommended by your healthcare provider or piercer.  This will remove any discharge and ensure better adherence of the ointment.
3.  Carefully apply a thin layer of the ointment around the piercing without disturbing the jewelry.  Avoid putting pressure on the jewelry as it can irritate the piercing.
4.  If possible, use a clean cotton swab or a clean fingertip to apply the ointment, ensuring minimal contact and precision.
5.  After applying the ointment, avoid covering the area tightly; allowing it to breathe is essential for healing. 

 Make sure to follow the specific instructions provided by your healthcare provider regarding the type of ointment to use and the frequency of application."
47,llama_92,":orange[When dealing with a pierced nipple, applying ointment requires some extra care to avoid irritating the piercing or introducing bacteria. ] Here's a suggested approach: 

 1.  Wash your hands thoroughly with soap and water before touching the pierced area.
2.  Clean the pierced nipple with saline solution (you can purchase this at a pharmacy or make your own by mixing 1/4 teaspoon of sea salt with 8 ounces of warm water).  Soak a clean cotton ball in the solution and gently apply it to the pierced area.
3.  Pat the area dry with a clean towel.
4.  Apply a small amount of ointment to the affected area around the piercing, avoiding the actual piercing hole.  You can use a cotton swab to gently apply the ointment.
5.  If you need to apply ointment directly to the nipple, consider using a thin layer of ointment on a clean cotton swab and then applying it to the nipple, taking care not to get ointment into the piercing hole. 

 It's essential to prioritize good hygiene and avoid tight clothing that may irritate the piercing.  If you have concerns or questions, consult with your piercer or a healthcare professional for personalized advice."
48,gpt4_88,":orange[To prevent post-nasal drip, it's important to address the root causes, which often involve allergies, infections, or environmental factors. ] Here are some strategies: 

 1.  **Manage Allergies:** Use antihistamines or nasal corticosteroids to reduce nasal inflammation and related symptoms.  Consulting with an allergist can provide specific guidance based on your allergy triggers. 

 2.  **Stay Hydrated:** Drinking plenty of fluids helps thin the mucus, making it less likely to irritate your throat. 

 3.  **Humidity Control:** Use a humidifier in your home, especially during dry seasons, to keep the air moist and reduce the sensation of post-nasal drip. 

 4.  **Avoid Irritants:** Smoke, pollution, and strong odors can exacerbate symptoms.  Minimize exposure to these irritants as much as possible. 

 5.  **Nasal Irrigation:** Using a saline solution to flush your nasal passages can help clear out excess mucus or debris. 

 6.  **Proper Diet and Exercise:** Maintaining a healthy diet and regular exercise regime helps in overall bodily functions and could minimize symptoms. 

 7.  **Elevate Head While Sleeping:** Sleeping with your head elevated can prevent mucus from pooling in your throat. 

 If symptoms persist, consulting with a healthcare provider is advised to investigate other possible underlying causes such as sinusitis or gastroesophageal reflux disease (GERD)."
49,llama_88,":orange[Preventing postnasal drip involves a combination of lifestyle modifications and managing underlying conditions. ] Here are some steps you can take: 

 1.  **Stay hydrated**: Drinking plenty of fluids, especially water, can help thin out mucus and prevent it from becoming too thick and sticky, which can contribute to postnasal drip.
2.  **Use a humidifier**: Dry air can exacerbate postnasal drip.  Using a humidifier, especially in your bedroom at night, can help maintain a healthy moisture level in your nasal passages.
3.  **Avoid allergens and irritants**: If you have allergies, avoiding exposure to allergens like pollen, dust mites, or pet dander can help reduce nasal congestion and postnasal drip.  Also, avoid exposure to irritants like tobacco smoke, pollution, and strong chemicals.
4.  **Elevate your head**: When sleeping, elevate your head using extra pillows to help reduce congestion and prevent mucus from dripping down the back of your throat.
5.  **Manage underlying conditions**: If you have conditions like sinusitis, rhinitis, or gastroesophageal reflux disease (GERD), managing these conditions through medical treatment can help reduce postnasal drip.
6.  **Saline nasal sprays**: Using saline nasal sprays can help moisturize your nasal passages and loosen mucus, making it easier to expel."
50,llama_67,":orange[Meningitis is a serious and potentially life-threatening infection that inflames the meninges, the protective membranes surrounding the brain and spinal cord. ] It can be caused by viruses, bacteria, or fungi, and is usually spread through respiratory droplets, contaminated food and water, or close contact with an infected person. 

 Symptoms of meningitis may include:
 
*  Severe headache 
*  Stiff neck 
*  Fever 
*  Confusion or disorientation 
*  Vomiting 
*  Sensitivity to light 
*  Seizures 

 If left untreated, meningitis can lead to serious complications, such as brain damage, hearing loss, and even death.  Prompt medical attention is essential if meningitis is suspected.  Diagnosis is typically made through a combination of physical examination, laboratory tests, and imaging studies, such as CT or MRI scans.  Treatment depends on the underlying cause, but may include antibiotics, antiviral medications, or antifungal medications, as well as supportive care to manage symptoms and prevent complications."
51,llama_57,":orange[Yes, sinus infections can cause neck pain and, in rare cases, neck vein distention. ]  

 Neck pain can be a referred pain from the sinuses, especially if the sphenoid sinuses are involved.  The sphenoid sinuses are located near the base of the skull and can radiate pain to the neck.  Additionally, sinus infections can cause inflammation and irritation of the surrounding tissues, leading to pain and stiffness in the neck. 

 Neck vein distention is a less common symptom but can occur if the infection spreads to the surrounding tissues and causes inflammation or thrombosis of the jugular veins.  This can lead to increased pressure and swelling in the neck veins, causing them to become distended. 

 However, it is essential to note that neck vein distention can also be a sign of a more serious condition, such as a blood clot or infection in the jugular vein, which requires prompt medical attention.  If you are experiencing neck pain and neck vein distention, it is crucial to seek medical evaluation to determine the underlying cause and receive proper treatment."
52,llama_94,":orange[You are likely contagious with a respiratory infection, but the duration and level of contagiousness depend on the specific type of infection. ] Generally, people with respiratory infections are most contagious when they have symptoms such as coughing, sneezing, and runny nose. 

 For common respiratory infections like the common cold or flu, you are usually contagious:
 
*  1-2 days before symptoms appear 
*  During the time you have symptoms, which can last 7-14 days 
*  Sometimes, you can remain contagious for up to 2 weeks, even after symptoms have resolved 

 For other respiratory infections like pneumonia, bronchitis, or pertussis (whooping cough), you may be contagious for a longer period. 

 To reduce the risk of spreading your infection to others:
 
*  Practice good hygiene, such as frequent handwashing with soap and water 
*  Avoid close contact with others, especially those with weakened immune systems 
*  Cover your mouth and nose with a tissue when coughing or sneezing 
*  Stay home from work or school until your symptoms improve 

 It's essential to consult with your healthcare provider for a proper diagnosis and guidance on when it's safe to return to your normal activities."
53,llama_85,":orange[Yes, there are several types of nausea medications, each with different mechanisms of action and indications. ] Here are some examples: 

 1.  Antihistamines: Dimenhydrinate (Dramamine) and meclizine (Bonine) are commonly used to treat nausea and vomiting caused by motion sickness, vertigo, and other inner ear problems.
2.  Antiemetic medications: Ondansetron (Zofran) and granisetron (Kytril) are serotonin receptor antagonists that are effective in treating nausea and vomiting caused by chemotherapy, radiation therapy, and surgery.
3.  Dopamine antagonists: Metoclopramide (Reglan) and prochlorperazine (Compazine) are used to treat nausea and vomiting caused by gastroparesis, chemotherapy, and other conditions.
4.  5-HT3 receptor antagonists: Palonosetron (Aloxi) and tropisetron (Navoban) are used to prevent and treat nausea and vomiting caused by chemotherapy.
5.  NK1 receptor antagonists: Aprepitant (Emend) is used to prevent nausea and vomiting caused by chemotherapy.
6.  Benzodiazepines: Lorazepam (Ativan) and midazolam (Versed) are used to treat anxiety-related nausea and vomiting.
7.  Corticosteroids: Dexamethasone (Decadron) is sometimes used to treat nausea and vomiting caused by chemotherapy."
54,llama_52,":orange[Muscle aches, also known as myalgias, can be caused by various factors, including infections, autoimmune disorders, and hormonal imbalances. ] If you are experiencing persistent muscle aches without exercising, it is a good idea to seek medical attention to rule out any underlying conditions. 

 Your doctor will likely ask you questions about the duration and severity of your symptoms, as well as perform a physical examination to check for any abnormalities.  They may also order laboratory tests, such as blood work or imaging studies, to help determine the cause of your muscle aches. 

 Some possible causes of persistent muscle aches without exercise include:
 
-  Infections, such as influenza or Lyme disease 
-  Autoimmune disorders, such as rheumatoid arthritis or lupus 
-  Hormonal imbalances, such as hypothyroidism 
-  Nutritional deficiencies, such as vitamin D deficiency 

 It is always best to consult with a healthcare professional for proper evaluation and treatment.  They can help determine the underlying cause of your muscle aches and recommend the best course of action."
55,llama_78,":orange[Shin splints, also known as medial tibial stress syndrome (MTSS), typically last for several weeks to a few months. ] The exact duration depends on the severity of the condition, effectiveness of treatment, and the individual's overall health. 

 Mild cases of shin splints may resolve on their own within 2-4 weeks with rest, ice, compression, and elevation (RICE).  Moderate cases may take 4-6 weeks to heal, while more severe cases can last 3-6 months or longer. 

 It's essential to note that shin splints can be a recurring condition, especially if the underlying causes, such as overtraining, poor foot biomechanics, or inadequate footwear, are not addressed.  With proper treatment, including rest, physical therapy, and modifications to training habits, most people can recover from shin splints and return to their normal activities."
56,llama_64,":orange[Cervical radiculopathy is a medical condition characterized by damage to or irritation of the nerve roots in the cervical spine (neck). ] This damage can cause pain, numbness, tingling, and weakness in the neck and arm, as well as limited mobility and decreased reflexes. 

 The condition typically occurs when a nerve root is compressed or pinched, often due to a herniated disk, bone spur, or degenerative changes in the cervical spine.  The compression can cause inflammation and irritation of the nerve, leading to the characteristic symptoms of cervical radiculopathy. 

 Symptoms can vary depending on the specific nerve root affected, but common complaints include:
 
*  Pain or aching in the neck, shoulder, or arm 
*  Numbness or tingling in the arm or hand 
*  Weakness or fatigue in the arm or hand 
*  Limited mobility or stiffness in the neck 
*  Decreased reflexes 

 A diagnosis of cervical radiculopathy is typically made through a combination of physical examination, medical history, and imaging studies such as X-rays, CT scans, or MRI.  Treatment options may include physical therapy, medication, or in some cases, surgery to relieve compression on the affected nerve root."
57,gpt4_68,":orange[For pregnant women with ulcerative colitis, certain medications are typically avoided due to potential risks to the fetus. ] These include: 

 1.  **Methotrexate:** This medication is absolutely contraindicated in pregnancy as it can lead to fetal defects and miscarriage. 

 2.  **Thalidomide:** Also highly teratogenic, meaning it can cause severe birth defects. 

 3.  **Certain corticosteroids:** Prolonged or high-dose systemic corticosteroids should be used cautiously, as they can have adverse effects, although they may be necessary in severe cases. 

 4.  **Non-steroidal Anti-inflammatory Drugs (NSAIDs):** These are generally avoided especially in the third trimester due to their association with fetal renal issues and risk of heart defects. 

 Maintaining disease control with safe medications like sulfasalazine, mesalamine, or certain biologics which have a safer profile during pregnancy is crucial.  It’s imperative to discuss and manage medication use with a healthcare provider specializing in gastroenterology and obstetrics to ensure both maternal and fetal health.  Always consult with a healthcare provider before making any changes to medication regimens during pregnancy."
58,llama_68,":orange[For a pregnant woman with ulcerative colitis, certain medications are contraindicated due to potential risks to the fetus. ] These include: 

 1.  Methotrexate: This immunosuppressive medication is contraindicated during pregnancy due to its teratogenic effects, which can lead to birth defects.
2.  Thalidomide: This medication is also contraindicated during pregnancy due to its high risk of causing severe birth defects.
3.  Tofacitinib (Xeljanz): This JAK inhibitor is contraindicated during pregnancy due to its potential to cause fetal harm. 

 However, some medications are considered safe for use during pregnancy, such as: 

 1.  Aminosalicylates (e.g., mesalamine, sulfasalazine): These medications are generally considered safe for use during pregnancy.
2.  Corticosteroids: These medications can be used during pregnancy, but high doses and prolonged use should be avoided.
3.  Biologics (e.g., infliximab, adalimumab): These medications can be used during pregnancy, but their use should be carefully considered and monitored. 

 It's essential for pregnant women with ulcerative colitis to work closely with their healthcare provider to manage their condition and make informed decisions about medication use during pregnancy."
59,llama_55,":orange[No, corticosteroid and clobetasol are not exactly the same, although they are related. ] Corticosteroid is a broad term that refers to a class of steroid hormones that are produced by the adrenal gland and are involved in various physiological processes, such as inflammation, immune response, and metabolism. 

 Clobetasol, on the other hand, is a specific type of corticosteroid, also known as a glucocorticoid, which is used as a medication to treat various skin conditions, such as eczema, psoriasis, and dermatitis.  It is a potent topical corticosteroid that works by reducing inflammation and swelling in the skin. 

 While all clobetasol is a corticosteroid, not all corticosteroids are clobetasol.  There are many other types of corticosteroids, including hydrocortisone, prednisone, and triamcinolone, each with different properties and uses."
60,llama_76,":orange[Low lipase levels can be related to various conditions, but it's essential to understand the context and other clinical findings.] 

 In pancreatic cancer, lipase levels can be elevated, not decreased.  Pancreatic cancer, especially adenocarcinoma, can cause an increase in lipase levels due to the tumor's effect on the surrounding pancreatic tissue. 

 Low lipase levels, on the other hand, are more commonly associated with conditions that affect the pancreas's ability to produce digestive enzymes, such as: 

 1.  Chronic pancreatitis: This condition causes inflammation and scarring of the pancreas, leading to a decrease in lipase production.
2.  Cystic fibrosis: This genetic disorder affects the pancreas and other organs, leading to a deficiency in digestive enzymes, including lipase.
3.  Pancreatic insufficiency: This condition can result from various causes, including chronic pancreatitis, cystic fibrosis, or surgical removal of the pancreas, leading to a decrease in lipase production. 

 It's crucial to note that a single low lipase level is not diagnostic of any condition.  A comprehensive evaluation, including clinical history, physical examination, imaging studies, and other laboratory tests, is necessary to determine the underlying cause of low lipase levels."
61,llama_86,":orange[Yes, several over-the-counter (OTC) and prescription medications can provide short-term relief for heartburn. ]  

 Antacids, such as Tums or Rolaids, can help neutralize stomach acid and provide quick relief for mild heartburn.   

 Histamine-2 (H2) blockers, such as ranitidine (Zantac), can reduce acid production in the stomach and provide relief for several hours.   

 Proton pump inhibitors (PPIs), such as omeprazole (Prilosec) or lansoprazole (Prevacid), can also reduce acid production and provide longer-lasting relief. 

 For short-term use, usually a 7-14 day course of PPI is prescribed, and it is highly recommended to follow up with your doctor after that period to reassess your symptoms and treatment plan."
62,llama_84,":orange[Yes, it is possible to be diagnosed with shingles more than once. ] Shingles, also known as herpes zoster, is caused by the reactivation of the varicella-zoster virus, which is the same virus that causes chickenpox.  After a person recovers from chickenpox, the virus can remain dormant in the nerve cells and reactivate later in life, causing shingles. 

 Some people may experience recurring episodes of shingles, a condition known as recurrent herpes zoster.  According to the Centers for Disease Control and Prevention (CDC), about 1 in 3 people who have had shingles will experience it again.  The risk of recurrence increases with age, and people with weakened immune systems are also more likely to experience recurring episodes of shingles. 

 Recurrent episodes of shingles can occur in the same location as the initial episode or in a different location.  In some cases, the symptoms of recurrent shingles may be milder than the initial episode, while in other cases, they can be more severe.  If you suspect you are experiencing a recurrence of shingles, it is essential to consult with your healthcare provider for proper diagnosis and treatment."
63,llama_56,":orange[Ear pain can be caused by various factors, such as ear infections, earwax buildup, or referred pain from other conditions. ] To alleviate ear pain, you can try the following: 

 1.  Apply heat: A warm compress or a heating pad set on low can help soothe the ear and relieve pain.
2.  Use ear drops: Over-the-counter ear drops, such as anesthetic ear drops or earwax dissolvers, can help relieve pain and discomfort.
3.  Take pain relievers: Over-the-counter pain medications, such as acetaminophen (Tylenol) or ibuprofen (Advil), can help alleviate ear pain.
4.  Try the ""Valsalva maneuver"": Pinch your nose shut, close your mouth, and blow gently through your nose to help equalize the air pressure in your ears.
5.  Get plenty of rest: Resting and avoiding strenuous activities can help your body recover from the underlying cause of the ear pain. 

 It's essential to consult a doctor if your ear pain persists, worsens, or is accompanied by other symptoms such as fever, discharge, or difficulty hearing.  They can diagnose the underlying cause and provide proper treatment."
64,gpt4_56,":orange[For ear pain relief, start by identifying the cause of the discomfort. ] Common causes include middle ear infections, swimmer's ear, or pressure changes from traveling.  Manage mild ear pain at home by: 

 1.  Taking over-the-counter pain relievers such as acetaminophen (Tylenol) or ibuprofen (Advil) can help alleviate pain.
2.  Placing a warm, moist cloth over the affected ear may also relieve pain.
3.  Avoid inserting anything into the ear canal, including cotton swabs. 

 If the ear pain is accompanied by severe symptoms such as discharge, fever, or significant hearing loss, it's important to see a healthcare provider as more specific treatment might be required, such as antibiotics for an infection.  For persistent or severe ear pain, always seek professional medical advice to avoid complications."
65,llama_59,":orange[Sciatica is a type of pain that radiates along the sciatic nerve, which runs from the lower back down to the legs. ] The sciatic nerve is the longest nerve in the body and is formed by the combination of five nerve roots that emerge from the spinal cord in the lower back. 

 Sciatica occurs when the sciatic nerve is irritated or compressed, often due to a herniated disk, bone spur, or other condition that puts pressure on the nerve.  This can cause pain, numbness, tingling, and weakness in the lower back, buttocks, and legs. 

 The symptoms of sciatica can vary depending on the location and severity of the nerve compression.  Common symptoms include:
 
*  Pain that radiates from the lower back down to the buttocks and legs 
*  Numbness or tingling in the legs or feet 
*  Weakness in the legs or feet 
*  Difficulty controlling the bowels or bladder 
*  Pain that worsens with sitting, standing, or bending 

 Sciatica can be caused by a variety of factors, including:
 
*  Herniated disk 
*  Degenerative disk disease 
*  Spondylolisthesis (a condition in which a vertebra slips out of place) 
*  Piriformis syndrome (a condition in which the piriformis muscle compresses the sciatic nerve) 
*  Spinal stenosis (a narrowing of the spinal canal)"
66,llama_63,":orange[Cluster headaches are a type of headache disorder that is characterized by extremely painful and recurring headaches that occur in clusters or cycles. ] These headaches are typically one-sided, centered around the eye, and can last anywhere from 15 minutes to 3 hours.  They are often accompanied by other symptoms such as tearing, redness, and swelling of the affected eye, as well as nasal congestion or runny nose. 

 Cluster headaches are relatively rare, affecting about 1 in 1,000 people, and are more common in men than women.  The exact cause of cluster headaches is not known, but they are thought to be related to abnormalities in the brain's blood vessels and nerves. 

 Cluster headaches can be divided into two main types: episodic and chronic.  Episodic cluster headaches occur in clusters that can last from several weeks to several months, followed by periods of remission.  Chronic cluster headaches occur continuously without periods of remission. 

 Treatment for cluster headaches usually involves a combination of medications, including triptans, ergotamines, and corticosteroids, as well as oxygen therapy and lifestyle changes.  It's essential to seek medical attention if you're experiencing symptoms of cluster headaches, as they can be debilitating and disrupt daily life."
67,llama_73,":orange[Zyrtec (cetirizine) and Claritin (loratadine) are both antihistamines used to treat allergies. ] Both medications are generally considered safe to use while breastfeeding.   

 According to the American Academy of Pediatrics (AAP), loratadine (Claritin) and cetirizine (Zyrtec) are classified as ""usually compatible with breastfeeding.""  

 However, as with any medication, it's essential to consult your doctor or a lactation consultant before taking either of these medications, especially if your baby is premature or has any underlying health conditions.  They can assess the potential risks and benefits and help you make an informed decision. 

 Additionally, it's always a good idea to monitor your baby for any signs of a reaction, such as changes in feeding patterns, fussiness, or rash, while taking any medication while breastfeeding."
68,gpt4_73,":orange[Yes, both cetirizine (Zyrtec) and loratadine (Claritin) are considered safe to take while breastfeeding. ] They belong to a class of medications known as antihistamines, which are often used to treat allergy symptoms.  These medications have low levels of transfer into breast milk, and are generally considered safe with minimal risk for adverse effects in nursing infants. 

 When taking these medications while breastfeeding, it is always a good idea to use the lowest effective dose for the shortest duration necessary.  As with any medication, it is advisable to consult with your healthcare provider before starting treatment to ensure it is appropriate for your specific situation."
69,llama_87,":orange[Conductive hearing loss is typically associated with outer ear infections, such as otitis externa, or middle ear infections, like otitis media. ] This type of hearing loss occurs when sound waves are unable to reach the inner ear due to a blockage or obstruction in the outer or middle ear.  Symptoms may include ear pain, discharge, fever, and difficulty hearing. 

 Inner ear infections, on the other hand, typically cause sensorineural hearing loss, which affects the inner ear's ability to transmit sound signals to the brain.  This type of hearing loss is often permanent and can be caused by conditions such as labyrinthitis or vestibular neuritis. 

 A thorough examination by a healthcare professional, including an otoscopy and potentially an audiogram, can help determine the cause of the hearing loss and guide treatment.  Treatment for outer ear infections may include antibiotics, ear drops, or other medications, while inner ear infections may require different management strategies."
70,gpt4_87,":orange[Loss of hearing can occur with both outer ear infections (otitis externa) and inner ear conditions, but the characteristics and causes are different for each. ] Otitis externa, or an outer ear infection, mainly involves the ear canal and is often associated with pain, itching, and discharge, but significant hearing loss is less common unless the ear canal is severely swollen or blocked by debris or discharge. 

 Inner ear issues, on the other hand, can directly affect hearing abilities and balance.  Conditions such as otitis media (middle ear infection), sensorineural hearing loss, or other inner ear disorders like Meniere's disease can lead to more pronounced hearing loss.  These conditions affect the more internal components of the auditory system, including the cochlea and auditory nerve, which are crucial for hearing. 

 Thus, while mild hearing impairment can sometimes happen with outer ear infections due to blockage, more significant or sensorineural hearing loss usually suggests problems beyond the outer ear.  It's important to consult a healthcare provider to accurately diagnose and treat the specific cause of hearing loss."
71,gpt4_81,":orange[Right lower abdominal pain in a 33-year-old female can be caused by various conditions, some of which require immediate medical attention. ] Common causes include: 

 1.  Appendicitis: This is an inflammation of the appendix and is a medical emergency.  Symptoms often include sharp pain in the right lower abdomen, fever, and nausea. 

 2.  Ovarian cysts or torsion: Cysts are fluid-filled sacs on the ovaries, and torsion refers to the twisting of the ovary.  Both can cause sudden, severe pain. 

 3.  Ectopic pregnancy: This occurs when a fertilized egg implants outside the uterus, commonly in a fallopian tube.  It is a life-threatening condition characterized by sharp pain, vaginal bleeding, and dizziness. 

 4.  Kidney stones: These can cause severe pain that often radiates to the lower abdomen and groin. 

 5.  Urinary tract infection: This may cause pain, a burning sensation during urination, frequent urination, and possibly fever. 

 6.  Gastrointestinal issues: Conditions like Crohn’s disease, diverticulitis, or constipation can cause localized pain. 

 Given these possibilities, especially the potentially serious conditions like appendicitis and ectopic pregnancy, it is important to seek immediate medical evaluation to determine the exact cause of your pain and receive appropriate treatment."
72,llama_65,":orange[Hydroxyzine is an antihistamine medication often prescribed to relieve symptoms associated with allergic reactions, including those caused by poison ivy, such as itching, redness, and swelling. ] It works by blocking histamine, a chemical released by the body during an allergic reaction, thereby reducing the itching sensation and relieving discomfort. 

 However, hydroxyzine does not cure poison ivy.  The rash caused by poison ivy typically resolves on its own within two to three weeks.  Treatment focuses on managing symptoms and reducing discomfort during this period. 

 In addition to antihistamines like hydroxyzine, other treatments for poison ivy may include calamine lotion, oatmeal baths, and cool compresses to help soothe the skin and reduce itching.  In severe cases, especially if the rash covers a large area or if there are signs of infection, medical attention may be necessary."
73,llama_91,":orange[Anxiety is a complex condition that arises from the interplay between biological, psychological, and environmental factors. ] While the exact causes of anxiety can vary from person to person, research suggests that it is not simply a matter of ""mind over matter."" 

 Biological factors, such as genetics, brain chemistry, and hormonal imbalances, can contribute to anxiety.  For example, individuals with a family history of anxiety disorders are more likely to experience anxiety.  Additionally, imbalances in neurotransmitters like serotonin and dopamine can affect mood regulation and lead to anxiety. 

 Psychological factors, such as past experiences, personality traits, and coping mechanisms, also play a role in anxiety.  Traumatic events, stress, and significant life changes can trigger anxiety in some individuals.  Furthermore, certain personality traits, such as perfectionism or low self-esteem, can increase the risk of developing anxiety. 

 Environmental factors, like social and cultural pressures, can also contribute to anxiety.  Societal expectations, social media, and the demands of modern life can create stress and anxiety in many individuals. 

 While it is not possible to simply ""will away"" anxiety, there are effective treatments available, including cognitive-behavioral therapy (CBT), medication, and relaxation techniques like deep breathing, exercise, and mindfulness.  These interventions can help individuals manage their anxiety symptoms and improve their overall well-being."
74,llama_66,":orange[Bacterial vaginosis (BV) is a common vaginal condition characterized by an imbalance of the normal bacterial flora in the vagina, with an overgrowth of certain types of bacteria. ] Although BV is often associated with sexually transmitted infections (STIs) and can increase the risk of acquiring STIs, it is not considered a traditional sexually transmitted disease (STD) itself. 

 BV can occur in women who are not sexually active, and its exact cause is not fully understood.  However, factors that can increase the risk of developing BV include having multiple sex partners, a new sex partner, or having a female sex partner with BV.  Additionally, practices such as douching, not using condoms, and having an intrauterine device (IUD) for contraception may also contribute to the development of BV. 

 BV can cause symptoms such as thin, white, or gray vaginal discharge with a strong, fishy odor, especially after sexual intercourse, as well as itching or burning sensations in the vagina.  Some women with BV may not exhibit any symptoms at all.  Treatment for BV typically involves antibiotics, and it's essential for women with symptoms to seek medical evaluation to rule out other potential causes of their symptoms and to receive appropriate treatment."
75,llama_54,":orange[Yes, an engorged breast can cause chills. ] Engorgement is a common condition in lactating women, particularly in the first few days after giving birth.  It occurs when the breasts become overfilled with milk, leading to swelling, discomfort, and sometimes pain.   

 Some women with engorged breasts may experience flu-like symptoms, including chills, due to the release of certain chemicals in the body.  These symptoms are usually mild and temporary, resolving once the engorgement is relieved.  However, in some cases, engorgement can lead to more serious complications, such as mastitis, which is an infection of the breast tissue.  Mastitis can cause fever, chills, and other systemic symptoms.  If you are experiencing persistent or severe symptoms, it is essential to seek medical attention to rule out any underlying infections."
76,llama_51,":orange[Losartan is an angiotensin II receptor antagonist used to treat high blood pressure and protect the kidneys from damage due to diabetes. ] It is typically taken once daily, and the dosage can vary depending on the individual's condition and response to treatment. 

 It is generally recommended to take losartan at the same time each day, either with or without food.  If you are prescribed to take two pills (e.g., 50mg or 100mg total daily dose), you can take them together at the same time or at separate times, such as one pill in the morning and one pill in the evening. 

 However, it is essential to follow your doctor's or pharmacist's specific instructions regarding the dosage and administration of losartan, as they may have tailored the treatment plan to your individual needs. 

 If you have any concerns or questions about taking losartan or any other medication, it is always best to consult with your healthcare provider or pharmacist for personalized advice."
77,llama_69,":orange[Mouth sores, also known as cold sores or fever blisters, are typically caused by the herpes simplex virus type 1 (HSV-1). ] While they most commonly appear on the lips, they can also occur on other areas of the face, including the chin, cheeks, and nose. 

 In rare cases, mouth sores can appear on the chin, but this is less common than on the lips.  This can happen through viral shedding, where the virus is transmitted from the lips to other areas of the face through touch or other means. 

 However, it's essential to note that not all sores on the chin are caused by HSV-1.  Other conditions, such as acne, folliculitis, or impetigo, can also cause sores on the chin. 

 If you're experiencing recurring sores on your chin or other areas of your face, it's best to consult a healthcare professional for proper diagnosis and treatment.  They can perform a physical examination, take a medical history, and may order laboratory tests to determine the cause of the sores."
78,llama_72,":orange[Hydrocortisone cream is a topical steroid medication commonly used to treat skin conditions such as eczema, dermatitis, and allergies. ] While it's generally safe to use on the body, using hydrocortisone cream on the face can have risks.  Long-term use, especially on sensitive areas like the face, can lead to skin thinning (atrophy), telangiectasia (visible blood vessels), and perioral dermatitis (a condition characterized by redness, bumps, and scaling around the mouth).  Additionally, using hydrocortisone cream around the eyes can increase the risk of cataracts and glaucoma. 

 However, short-term use (less than 5 days) of low-strength (0.5-1%) hydrocortisone cream on the face is generally considered safe for minor skin irritations, under the guidance of a healthcare professional.  If you're considering using hydrocortisone cream on your face, it's essential to consult with a doctor or dermatologist to discuss the potential risks and benefits and determine the best course of treatment for your specific skin condition."
79,gpt4_72,":orange[Hydrocortisone cream is a topical corticosteroid that can be used to reduce inflammation and treat skin conditions such as eczema, psoriasis, and allergic reactions. ] However, caution is advised when using it on the face.  The skin on the face is thinner and more sensitive than other parts of the body, making it more susceptible to side effects, including skin thinning, discoloration, and worsening of acne or rosacea. 

 It is generally recommended to use hydrocortisone cream on the face only under the guidance of a healthcare provider and for only short periods.  If you need to treat a facial skin condition, it's best to consult with a dermatologist or your healthcare provider to ensure safe and appropriate treatment."
80,llama_95,":orange[When taking antibiotics, it's essential to be cautious about taking other medications to avoid interactions. ]  

 In the case of Pepto Bismol, it is generally safe to take it with most antibiotics for the short-term relief of stomach upset, nausea, or diarrhea.  However, it is crucial to note that not all antibiotics can be taken with Pepto Bismol, and you should consult your doctor or pharmacist for guidance. 

 As for Tylenol (acetaminophen), it is usually safe to take it with most antibiotics for pain or fever relief.  However, always follow the recommended dosage and consult your doctor or pharmacist to confirm that there are no potential interactions with your specific antibiotic. 

 It is also essential to note that some antibiotics may interact with other medications, including over-the-counter (OTC) medications and supplements.  Always consult your doctor or pharmacist before taking any additional medications or supplements while on antibiotics to ensure safe and effective treatment."
81,llama_61,":orange[As a young healthy adult traveling to Brazil, the Centers for Disease Control and Prevention (CDC) and the World Health Organization (WHO) recommend that you are up-to-date on all routine vaccinations before traveling abroad. ]  

 Additionally, the CDC recommends the Yellow Fever vaccine for travelers to certain areas in Brazil, particularly if you plan to visit areas near the Amazon rainforest or other rural regions.  However, if you will be staying in urban areas such as Rio de Janeiro or São Paulo, the risk is lower, and the vaccine may not be necessary. 

 It's also recommended that you consider getting vaccinated against Hepatitis A, as it can be transmitted through contaminated food or water. 

 It's essential to consult with your healthcare provider or a travel clinic to determine the specific vaccinations and medications you may need based on your itinerary and planned activities in Brazil.  They will assess your individual risk factors and provide personalized recommendations."
82,llama_74,":orange[Imodium, also known as loperamide, is an over-the-counter (OTC) medication used to treat diarrhea. ] In general, Imodium is safe for most people, but individuals with liver disease, including fatty liver, should use it with caution.   

 The liver metabolizes loperamide, and people with liver disease may have reduced liver function, which could lead to higher levels of the medication in the bloodstream.  Although this is generally not a concern, in rare cases, it may increase the risk of adverse effects, such as central nervous system depression, which can manifest as drowsiness, dizziness, or confusion. 

 However, the impact of Imodium on the liver itself is minimal.  Given the potential benefits of taking Imodium to manage diarrhea symptoms, it is generally considered safe for individuals with fatty liver disease.  Still, it is crucial to follow the recommended dosage and be aware of any potential side effects. 

 If you have concerns about taking Imodium or if your symptoms worsen, it's always best to consult with your healthcare provider for personalized advice."
83,llama_71,":orange[Yes, there are other medications that are similar to buspirone (Buspar) or have a similar mechanism of action. ] Buspirone is an anxiolytic medication primarily used to treat generalized anxiety disorder (GAD).  It belongs to a class of medications known as azapirones, which work by affecting serotonin receptors in the brain. 

 Some medications that may be considered alternatives or have a similar effect to buspirone include: 

 1.  **Selective Serotonin Reuptake Inhibitors (SSRIs):** While primarily used as antidepressants, SSRIs like fluoxetine (Prozac), sertraline (Zoloft), and paroxetine (Paxil) are also effective in treating anxiety disorders. 

 2.  **Serotonin-Norepinephrine Reuptake Inhibitors (SNRIs):** SNRIs, such as venlafaxine (Effexor) and duloxetine (Cymbalta), can also be used to treat anxiety disorders by affecting both serotonin and norepinephrine levels in the brain. 

 3.  **Benzodiazepines:** Although they carry a risk of dependency and are generally recommended for short-term use, benzodiazepines like alprazolam (Xanax), clonazepam (Klonopin), and lorazepam (Ativan) are effective for acute anxiety."
84,llama_79,":orange[Yes, in some cases, diabetes can have a rapid onset. ] Type 1 diabetes, for example, is an autoimmune disease where the body's immune system attacks the insulin-producing beta cells in the pancreas, and it can develop rapidly, often over a few weeks.  The symptoms can be severe and include increased thirst and urination, weight loss, blurred vision, and fatigue. 

 In contrast, Type 2 diabetes tends to develop more gradually and is often associated with insulin resistance.  However, some people with Type 2 diabetes may not exhibit noticeable symptoms in the early stages, and the condition may only be detected through routine blood tests. 

 Another form of diabetes, known as latent autoimmune diabetes in adults (LADA), also known as Type 1.5 diabetes, shares characteristics of both Type 1 and Type 2 diabetes.  Its onset can be gradual or, in some cases, more rapid. 

 Lastly, certain medications, pancreatic damage, or other medical conditions can lead to secondary diabetes, which can also have a rapid onset. 

 It's essential to seek immediate medical attention if you're experiencing symptoms of diabetes, as early diagnosis and treatment can help prevent long-term complications."
85,llama_99,":orange[Generally, it is safe to take antibiotics with thyroid medications. ] However, the type of antibiotic and individual factors may influence potential interactions.  Certain antibiotics, such as rifampicin and rifabutin, can decrease the effectiveness of some thyroid medications like levothyroxine by inducing liver enzymes that metabolize these hormones. 

 To minimize potential interactions, consider the following: 

 1.  Take your thyroid medication at least 4-6 hours apart from your antibiotic dose.
2.  Inform your doctor about all medications you're taking, including your thyroid medication and the prescribed antibiotic.
3.  If you're taking any specific antibiotic that may interact with your thyroid medication, your doctor may need to adjust your thyroid medication dose or monitor your thyroid hormone levels more closely. 

 It's essential to consult with your doctor or pharmacist to discuss any potential interactions and determine the best approach for your specific situation.  They can provide personalized guidance based on your medications and health status."
